ID;Sexe;Age;Situation_matrimoniale;Taille_cm;Poids_kg;Anciennete;Direction;Fonction;Poste;au_cours_du_dernier_mois_a_quelle_frequence_avez_vous_ete_contrarie_par_un_evenement_inattendu;au_cours_du_dernier_mois_a_quelle_frequence_vous_etes_vous_senti_incable_de_controler_les_choses_importantes_dans_votre_vie;au_cours_du_dernier_mois_a_quelle_frequence_vous_etes_vous_senti_nerveux_ou_stresse;au_cours_du_dernier_mois_a_quelle_frequence_avez_vous_eu_le_sentiment_de_bien_maitriser_les_choses;au_cours_du_dernier_mois_a_quelle_frequence_avez_vous_senti_que_les_difficultes_s_accumulaient_au_point_de_ne_plus_pouvoir_les_surmonter;au_cours_du_dernier_mois_a_quelle_frequence_avez_vous_eu_confiance_en_votre_capacite_a_resoudre_vos_problemes_personnels;au_cours_du_dernier_mois_a_quelle_frequence_avez_vous_estime_que_les_choses_allaient_comme_vous_le_vouliez;au_cours_du_dernier_mois_a_quelle_frequence_avez_vous_eu_le_sentiment_que_vous_ne_pouviez_pas_maitriser_toutes_les_choses_que_vous_aviez_a_faire;au_cours_du_dernier_mois_a_quelle_frequence_avez_vous_pu_controler_vos_difficultes;au_cours_du_dernier_mois_a_quelle_frequence_vous_etes_vous_senti_depasse_par_les_evenements
1;Homme;36;Concubinage;170.5;79.8;10;MADGI;Attachédes finances;Cadre;2;2;3;2;2;2;0;1;2;0
2;Homme;44;Célibataire;175.2;71;24;DSESF;Inspecteur;Cadre;1;2;2;3;1;2;3;2;4;1
3;Femme;36;Marié(e);157.8;58.2;12;DRAN I;Agent de bureau;Agent de maitrise;2;0;1;4;1;2;2;1;3;2
4;Homme;43;Veuf(ve);177.3;73.6;15;DLCD;Administrateur;Agent de maitrise;2;2;1;3;2;1;2;2;3;0
5;Homme;35;Marié(e);180.3;79.7;11;DME;Inspecteur;Employé;2;1;1;3;1;4;3;1;4;1
6;Femme;35;Marié(e);161.1;62.2;13;DRAN I;Agent de bureau;Employé;0;0;0;4;0;4;3;0;4;1
7;Homme;41;Célibataire;160.4;59.7;13;DR Agboville;Attachédes finances;Ouvrier;1;0;1;3;1;4;3;1;4;0
8;Femme;46;Célibataire;168.9;66.4;19;DRAN I;Attachédes finances;Expatrié;0;0;1;4;2;4;4;1;4;0
9;Homme;24;Veuf(ve);177.7;74.4;2;DRAN I;Administrateur;Employé;0;0;0;3;2;3;3;2;3;0
10;Homme;36;Marié(e);171.6;71.8;11;MADGI;Agent de bureau;Expatrié;1;2;1;3;1;3;2;2;2;2
11;Femme;35;Célibataire;155.7;54.3;9;DSESF;Agent de bureau;Agent de maitrise;2;4;2;2;2;0;1;2;2;2
12;Homme;28;Célibataire;180.4;76.6;3;DLCD;Attachédes finances;Cadre;0;0;0;4;1;4;2;1;3;2
13;Homme;26;Marié(e);177;79.6;8;DME;Attachédes finances;Ouvrier;0;0;0;4;0;4;4;0;4;0
14;Femme;30;Marié(e);173.3;76.1;2;DR Agboville;Inspecteur;Cadre;2;1;2;2;1;1;2;1;3;1
15;Femme;42;Marié(e);166.9;68.1;21;DRAN I;Administrateur;Employé;2;3;3;2;2;2;1;2;2;3
16;Homme;32;Marié(e);173.5;65.8;10;DME;Agent de bureau;Cadre;2;1;0;4;0;3;4;1;4;1
17;Homme;28;Marié(e);188.4;91.2;7;DR Odienné;Inspecteur;Employé;2;3;4;2;3;2;2;4;1;4
18;Femme;38;Célibataire;154.3;57.3;17;DME;Administrateur;Ouvrier;3;3;2;2;3;2;2;2;1;3
19;Femme;24;Célibataire;156.8;54.8;2;DLCD;Agent de bureau;Employé;0;1;0;4;0;4;4;0;4;1
20;Homme;46;Divorcé(e);177.3;81.2;26;DLCD;Documentaliste;Agent de maitrise;1;0;0;4;0;4;3;0;3;1
21;Homme;31;Marié(e);177.6;86.5;9;MADGI;Attachédes finances;Employé;0;0;0;4;0;4;4;0;4;0
22;Femme;38;Concubinage;158;60.3;17;DR Agboville;Agent de bureau;Ouvrier;4;4;4;1;3;0;0;4;1;4
23;Homme;37;Marié(e);173.3;78.7;11;DME;Documentaliste;Employé;0;0;0;4;0;4;4;1;4;0
24;Homme;36;Célibataire;182;91;15;DR Odienné;Inspecteur;Cadre;2;1;1;3;2;2;1;2;2;0
25;Femme;54;Divorcé(e);162.9;74.5;36;DR Agboville;Administrateur;Expatrié;3;1;2;1;2;2;1;3;0;1
26;Femme;28;Célibataire;160.5;57.1;2;DLCD;Inspecteur;Employé;3;2;4;3;2;1;1;2;3;2
27;Femme;47;Marié(e);156.3;53.4;25;DR Agboville;Agent de bureau;Expatrié;3;3;3;1;3;0;0;3;2;3
28;Homme;36;Célibataire;176;73.7;13;DME;Agent de bureau;Ouvrier;1;2;2;3;2;3;4;0;3;3
29;Femme;28;Divorcé(e);162.1;69.8;0;MADGI;Inspecteur;Ouvrier;1;1;2;3;2;1;2;1;3;2
30;Homme;35;Concubinage;178.8;82.9;17;DSESF;Agent de bureau;Ouvrier;0;0;0;4;0;3;4;0;4;0
31;Homme;43;Célibataire;165.9;72.6;24;DR Agboville;Agent de bureau;Cadre;2;1;1;3;1;3;3;2;2;1
32;Homme;32;Concubinage;175;77.1;8;DLCD;Documentaliste;Ouvrier;2;3;2;1;2;1;2;3;1;4
33;Femme;28;Marié(e);168.2;66.2;5;DR Odienné;Attachédes finances;Ouvrier;3;3;3;0;3;2;2;3;1;3
34;Homme;38;Célibataire;183;72.8;18;DLCD;Agent de bureau;Ouvrier;1;0;0;3;1;1;3;1;4;0
35;Femme;46;Marié(e);167.6;55.7;21;DSESF;Agent de bureau;Ouvrier;0;0;0;4;0;4;4;0;4;0
36;Homme;35;Marié(e);184.6;98.7;17;DR Odienné;Documentaliste;Agent de maitrise;2;3;2;2;3;2;0;2;2;2
37;Femme;22;Marié(e);163.1;63.1;1;DME;Inspecteur;Employé;1;2;2;3;2;2;2;2;3;2
38;Femme;23;Marié(e);160.8;64.7;1;DLCD;Administrateur;Agent de maitrise;2;2;3;2;3;1;2;2;2;3
39;Homme;28;Célibataire;176;80.9;7;DSESF;Administrateur;Expatrié;0;0;0;4;1;2;4;0;4;1
40;Homme;31;Divorcé(e);172;82.1;8;DR Odienné;Attachédes finances;Ouvrier;1;2;2;3;1;1;3;1;3;1
41;Femme;36;Divorcé(e);172.1;76.5;14;DME;Agent de bureau;Agent de maitrise;4;3;4;2;3;0;1;2;0;2
42;Femme;43;Marié(e);164.6;64.8;25;DR Agboville;Administrateur;Cadre;4;2;2;1;3;2;0;2;0;3
43;Femme;32;Célibataire;161.1;66.3;7;DSESF;Administrateur;Cadre;4;3;4;0;4;0;2;2;0;4
44;Homme;25;Veuf(ve);171.8;74.2;0;DSESF;Agent de bureau;Expatrié;1;1;1;1;2;3;3;2;2;2
45;Femme;42;Célibataire;158.7;54.3;18;DLCD;Inspecteur;Agent de maitrise;2;1;1;2;2;2;2;2;2;1
46;Homme;39;Marié(e);181.9;88.6;17;DSESF;Agent de bureau;Employé;1;1;1;4;1;4;3;2;4;1
47;Homme;48;Marié(e);181.3;82.5;26;DRAN I;Agent de bureau;Employé;1;1;1;3;0;3;3;0;3;1
48;Homme;19;Concubinage;184.6;84.4;1;DRAN I;Inspecteur;Ouvrier;1;1;3;3;0;2;4;1;2;1
49;Homme;37;Concubinage;173.4;67;15;DR Odienné;Attachédes finances;Ouvrier;2;2;2;2;3;3;3;1;1;1
50;Homme;50;Concubinage;175.2;83.2;27;DRAN I;Administrateur;Employé;1;1;0;3;0;3;4;2;3;1
51;Femme;43;Concubinage;155.7;53;15;DLCD;Inspecteur;Expatrié;3;2;2;0;3;2;1;2;1;2
52;Femme;28;Marié(e);163.5;62.8;8;DRAN I;Agent de bureau;Expatrié;1;0;0;4;0;4;4;0;3;0
53;Femme;43;Célibataire;164;63.8;22;DRAN I;Documentaliste;Ouvrier;0;0;0;4;0;4;4;0;4;0
54;Homme;27;Veuf(ve);172.5;72.1;9;DRAN I;Administrateur;Cadre;1;1;1;2;0;2;4;2;2;1
55;Femme;31;Marié(e);172.8;76.7;7;DME;Agent de bureau;Employé;2;1;2;2;2;2;3;2;1;2
56;Homme;48;Concubinage;175.3;81.6;30;DME;Agent de bureau;Agent de maitrise;3;4;3;1;3;1;2;4;0;4
57;Homme;33;Célibataire;182.5;86.3;7;DME;Inspecteur;Ouvrier;0;0;0;4;0;4;4;0;4;0
58;Femme;44;Divorcé(e);174;63.7;19;DLCD;Administrateur;Expatrié;2;2;2;3;1;3;2;2;2;1
59;Femme;33;Concubinage;162.8;45.9;15;DSESF;Agent de bureau;Expatrié;1;1;1;2;1;4;3;1;2;1
60;Femme;20;Marié(e);159.7;57.1;0;DR Agboville;Attachédes finances;Agent de maitrise;3;2;2;2;2;2;1;3;2;2
61;Homme;28;Marié(e);186.9;85.6;7;DRAN I;Agent de bureau;Ouvrier;3;3;2;0;3;2;1;3;2;3
62;Homme;25;Divorcé(e);171.3;70.3;7;DME;Agent de bureau;Ouvrier;0;0;0;4;0;4;4;0;4;0
63;Homme;31;Concubinage;184.1;74.4;5;DRAN I;Administrateur;Cadre;2;3;2;2;1;3;3;2;3;1
64;Homme;33;Marié(e);172.4;67.6;15;DR Agboville;Attachédes finances;Expatrié;0;1;1;4;1;3;4;1;4;0
65;Homme;34;Concubinage;168.8;56.1;15;MADGI;Inspecteur;Employé;4;4;4;0;4;0;0;4;0;4
66;Femme;34;Concubinage;150.2;68.7;7;DME;Agent de bureau;Cadre;3;4;3;1;3;1;0;2;0;4
67;Femme;55;Célibataire;168.8;72.6;30;DME;Agent de bureau;Agent de maitrise;4;3;4;2;3;0;0;3;1;4
68;Homme;22;Concubinage;174.9;74.9;0;DSESF;Attachédes finances;Expatrié;2;1;2;2;2;0;3;2;2;2
69;Homme;32;Marié(e);173.1;59.9;9;DLCD;Administrateur;Expatrié;1;1;1;2;2;4;2;1;3;1
70;Femme;39;Divorcé(e);162.7;60.8;17;DSESF;Inspecteur;Cadre;0;0;0;3;0;4;4;1;3;2
71;Femme;52;Célibataire;164.8;70.5;33;MADGI;Inspecteur;Expatrié;1;2;1;3;2;3;2;2;2;2
72;Femme;37;Marié(e);169.6;75;14;DRAN I;Agent de bureau;Employé;3;4;2;1;3;1;1;3;3;3
73;Femme;48;Marié(e);159.1;62.3;29;DME;Administrateur;Agent de maitrise;0;0;1;2;0;3;3;0;3;2
74;Femme;20;Marié(e);159.2;69.1;0;MADGI;Agent de bureau;Agent de maitrise;1;0;2;1;1;3;4;2;1;1
75;Femme;50;Concubinage;160.6;47.9;29;DME;Agent de bureau;Agent de maitrise;0;0;0;4;1;4;4;0;4;0
76;Homme;29;Célibataire;176.3;68.6;6;DRAN I;Documentaliste;Cadre;0;1;0;4;0;4;4;0;4;0
77;Femme;33;Célibataire;159.2;59.1;10;DSESF;Administrateur;Agent de maitrise;1;1;0;4;1;4;3;1;4;0
78;Femme;25;Célibataire;160.9;61.9;3;DR Agboville;Inspecteur;Employé;2;2;2;1;2;2;1;2;3;3
79;Femme;37;Célibataire;166.8;63.1;13;DRAN I;Attachédes finances;Employé;2;2;3;3;2;1;1;3;2;2
80;Femme;54;Célibataire;166.7;75.1;36;MADGI;Documentaliste;Expatrié;3;2;2;3;1;4;2;3;3;1
81;Homme;60;Célibataire;175.2;60.9;39;DR Odienné;Agent de bureau;Expatrié;0;0;0;4;0;4;4;0;4;0
82;Femme;25;Concubinage;162.3;55.2;0;DR Odienné;Administrateur;Agent de maitrise;3;4;3;0;3;1;0;3;1;3
83;Femme;41;Célibataire;166.6;77.8;18;DR Odienné;Agent de bureau;Cadre;0;2;2;4;1;3;2;1;3;1
84;Homme;50;Célibataire;177;83.2;27;DR Odienné;Inspecteur;Employé;2;3;2;2;2;1;1;2;3;1
85;Homme;34;Divorcé(e);170.1;59.5;12;DME;Attachédes finances;Expatrié;1;2;1;3;1;3;2;1;2;1
86;Homme;34;Concubinage;174.8;80.6;15;MADGI;Administrateur;Ouvrier;0;2;2;2;1;2;2;1;3;2
87;Femme;33;Marié(e);150.8;53.4;12;DLCD;Attachédes finances;Expatrié;2;3;2;1;3;1;0;3;0;2
88;Femme;42;Célibataire;167.1;57.8;18;MADGI;Agent de bureau;Cadre;2;2;3;1;4;0;2;4;0;4
89;Femme;50;Célibataire;164.1;66.6;32;DME;Agent de bureau;Employé;1;1;1;2;2;4;3;1;2;1
90;Femme;43;Concubinage;162.1;68.4;24;MADGI;Agent de bureau;Employé;4;4;4;1;3;0;1;3;0;3
91;Homme;39;Concubinage;183.9;76.9;9;DR Odienné;Inspecteur;Agent de maitrise;2;0;1;4;1;4;4;0;4;0
92;Femme;33;Concubinage;160.4;64;7;DSESF;Agent de bureau;Ouvrier;1;2;0;3;1;3;3;0;4;0
93;Femme;41;Célibataire;172.8;64.1;23;DLCD;Attachédes finances;Expatrié;1;0;1;4;1;3;2;2;3;1
94;Homme;31;Célibataire;176.9;80.6;6;DLCD;Agent de bureau;Cadre;1;0;0;3;1;3;3;1;4;1
95;Homme;33;Marié(e);174.3;67.4;11;DR Odienné;Administrateur;Expatrié;1;1;1;4;1;4;4;0;3;1
96;Homme;47;Célibataire;179;76.4;29;DME;Attachédes finances;Ouvrier;1;0;0;2;3;3;4;2;4;1
97;Femme;40;Divorcé(e);159;51.7;16;DR Odienné;Documentaliste;Cadre;3;3;3;2;2;1;3;3;2;2
98;Femme;38;Célibataire;161.5;66.4;15;DSESF;Administrateur;Ouvrier;1;0;1;4;0;3;3;0;4;1
99;Homme;33;Célibataire;176;75;10;DLCD;Documentaliste;Cadre;3;4;4;1;4;0;0;2;0;4
100;Homme;45;Célibataire;179.2;82.7;24;DSESF;Administrateur;Agent de maitrise;0;1;0;4;0;4;3;0;2;0
101;Homme;49;Divorcé(e);167.9;72.2;29;DSESF;Agent de bureau;Ouvrier;1;1;1;2;2;3;3;1;3;0
102;Femme;27;Concubinage;170.8;70.8;9;MADGI;Attachédes finances;Agent de maitrise;2;2;2;3;3;1;2;2;1;2
103;Femme;37;Veuf(ve);167.9;67.3;12;DRAN I;Attachédes finances;Expatrié;4;4;4;0;4;0;0;4;0;4
104;Femme;36;Marié(e);170.5;73.3;14;DR Agboville;Documentaliste;Cadre;3;3;2;1;4;2;1;3;1;3
105;Homme;30;Célibataire;174.2;78.3;4;MADGI;Inspecteur;Cadre;0;0;0;3;1;3;3;0;4;1
106;Homme;26;Divorcé(e);174.3;74.2;0;DME;Administrateur;Expatrié;2;3;0;1;2;3;4;1;2;2
107;Homme;36;Célibataire;179.5;82.4;10;DR Agboville;Attachédes finances;Ouvrier;3;2;3;2;2;2;1;2;2;3
108;Homme;43;Marié(e);173.7;79.3;17;DME;Agent de bureau;Expatrié;1;2;1;3;1;3;2;3;2;1
109;Homme;51;Célibataire;175.4;80.2;26;DSESF;Attachédes finances;Ouvrier;2;2;2;1;2;2;0;1;2;4
110;Femme;18;Veuf(ve);163.3;72.5;0;DRAN I;Inspecteur;Expatrié;1;1;1;2;1;4;3;0;3;1
111;Homme;29;Concubinage;185.6;72.4;5;DR Agboville;Attachédes finances;Expatrié;2;2;2;1;2;1;2;2;2;3
112;Homme;33;Célibataire;179.6;82;7;MADGI;Attachédes finances;Cadre;3;2;2;2;2;3;0;3;2;1
113;Homme;19;Concubinage;180;81.1;0;DR Agboville;Attachédes finances;Ouvrier;2;1;1;2;1;3;4;1;4;2
114;Femme;28;Célibataire;162.9;57.5;10;DR Agboville;Attachédes finances;Expatrié;1;2;1;3;2;2;2;1;3;1
115;Homme;28;Divorcé(e);174.9;69.6;6;DLCD;Agent de bureau;Ouvrier;4;4;4;0;3;0;0;4;0;4
116;Homme;29;Célibataire;172.5;76.2;10;DME;Agent de bureau;Expatrié;3;1;2;2;2;2;3;2;2;2
117;Femme;18;Divorcé(e);157.9;55.4;0;MADGI;Attachédes finances;Cadre;2;2;2;2;1;2;2;3;1;3
118;Femme;38;Divorcé(e);152.5;50.7;13;MADGI;Inspecteur;Employé;2;1;1;2;1;3;1;1;2;0
119;Homme;30;Concubinage;182.4;86;11;DR Agboville;Agent de bureau;Agent de maitrise;0;1;1;3;2;2;3;1;2;1
120;Homme;51;Marié(e);171.7;79.7;23;DR Odienné;Inspecteur;Employé;2;0;2;3;0;3;3;1;2;1
121;Femme;44;Concubinage;163.2;77.7;22;DLCD;Agent de bureau;Employé;1;0;0;3;0;3;4;2;3;0
122;Femme;21;Divorcé(e);165.2;70.6;0;DR Odienné;Documentaliste;Agent de maitrise;2;1;2;3;0;3;3;1;2;2
123;Homme;37;Marié(e);165.1;79.1;12;DR Agboville;Attachédes finances;Employé;2;1;3;1;1;2;2;2;2;2
124;Homme;30;Marié(e);179.5;88.4;8;DR Odienné;Documentaliste;Cadre;0;1;2;3;1;2;2;2;3;2
125;Homme;45;Célibataire;173.1;75.4;16;DME;Administrateur;Cadre;2;1;1;2;1;2;3;1;1;3
126;Femme;37;Divorcé(e);166.3;68.1;10;DR Odienné;Administrateur;Employé;0;0;0;4;1;4;3;0;4;0
127;Homme;30;Célibataire;171.3;84.8;5;DLCD;Inspecteur;Expatrié;3;2;3;3;2;2;0;1;1;2
128;Homme;40;Divorcé(e);181.6;74.5;21;DR Agboville;Administrateur;Expatrié;1;2;3;1;2;3;2;1;3;2
129;Femme;38;Marié(e);160.7;61.2;16;DRAN I;Inspecteur;Employé;3;1;2;2;2;2;2;0;1;1
130;Homme;34;Célibataire;180.8;82.1;10;MADGI;Inspecteur;Cadre;2;1;2;2;1;3;3;2;3;2
131;Homme;56;Divorcé(e);183.4;67;36;DR Agboville;Agent de bureau;Employé;0;1;0;4;2;3;3;0;4;1
132;Homme;31;Célibataire;165.2;62.7;6;DRAN I;Inspecteur;Expatrié;3;4;4;0;4;1;2;4;1;4
133;Homme;31;Divorcé(e);168.2;70.6;13;MADGI;Attachédes finances;Expatrié;1;2;2;3;0;3;3;1;3;0
134;Homme;21;Marié(e);178.5;58.7;0;DR Odienné;Documentaliste;Agent de maitrise;2;1;1;3;0;2;3;0;2;1
135;Homme;36;Célibataire;169.3;71.9;12;DR Agboville;Administrateur;Cadre;3;2;4;2;2;2;2;2;2;2
136;Homme;45;Marié(e);170.9;68.9;22;MADGI;Inspecteur;Cadre;1;2;3;2;3;2;1;2;3;2
137;Homme;18;Célibataire;172.3;75.4;0;DLCD;Documentaliste;Employé;4;3;4;1;3;1;1;2;0;4
138;Femme;33;Marié(e);159.5;64.5;15;MADGI;Administrateur;Agent de maitrise;0;0;0;4;0;4;3;0;4;0
139;Homme;24;Divorcé(e);179.2;89.2;6;DR Agboville;Attachédes finances;Cadre;2;3;3;2;4;3;1;3;2;2
140;Homme;50;Marié(e);171.4;59.6;27;MADGI;Administrateur;Agent de maitrise;1;0;0;4;1;4;3;0;4;1
141;Femme;50;Célibataire;153.6;53.9;30;DME;Agent de bureau;Employé;1;1;0;4;1;4;3;1;3;0
142;Femme;39;Célibataire;159.6;55.2;17;DR Odienné;Administrateur;Agent de maitrise;3;3;4;1;3;3;2;1;1;1
143;Femme;50;Célibataire;161.3;61.5;28;DSESF;Inspecteur;Cadre;1;2;1;2;3;2;1;3;2;2
144;Homme;27;Célibataire;170.9;70;8;DRAN I;Attachédes finances;Expatrié;3;4;3;1;4;1;1;2;1;3
145;Homme;46;Concubinage;180.2;72;25;DR Agboville;Agent de bureau;Ouvrier;0;0;0;4;0;4;3;0;4;0
146;Homme;30;Célibataire;172.7;60.1;8;DME;Documentaliste;Ouvrier;3;4;4;0;4;0;0;4;0;4
147;Femme;39;Divorcé(e);158.8;73.6;15;DRAN I;Administrateur;Employé;2;2;1;4;0;2;2;1;2;2
148;Homme;33;Célibataire;169.9;60.6;8;DRAN I;Administrateur;Agent de maitrise;1;1;1;3;0;3;3;1;3;0
149;Femme;33;Veuf(ve);170.5;72.4;11;DR Agboville;Inspecteur;Employé;2;3;2;2;3;3;2;2;2;3
150;Femme;41;Marié(e);154.3;46.5;21;MADGI;Administrateur;Expatrié;1;1;1;4;0;3;3;0;3;0
151;Homme;23;Concubinage;172.6;83.2;1;DRAN I;Attachédes finances;Agent de maitrise;2;1;2;3;2;3;3;1;3;1
152;Femme;33;Concubinage;159.5;47.1;6;DME;Agent de bureau;Employé;2;2;1;2;2;3;3;1;3;1
153;Homme;38;Concubinage;179.3;73.1;18;DR Agboville;Administrateur;Agent de maitrise;3;3;3;1;3;0;0;3;1;2
154;Femme;32;Divorcé(e);158;49.5;12;DLCD;Documentaliste;Agent de maitrise;0;2;1;2;2;3;4;0;4;1
155;Homme;37;Concubinage;177.9;78.3;15;DR Odienné;Documentaliste;Cadre;2;3;3;2;3;2;2;2;1;2
156;Homme;33;Célibataire;178.4;75;9;DR Odienné;Attachédes finances;Expatrié;0;1;0;4;0;4;4;0;4;1
157;Femme;52;Marié(e);162.9;79.6;30;DME;Agent de bureau;Employé;2;2;2;2;1;2;1;2;3;1
158;Femme;43;Concubinage;162.2;62.2;21;DLCD;Inspecteur;Ouvrier;2;1;1;2;1;4;3;0;3;2
159;Femme;65;Célibataire;168.3;77.6;42;DR Agboville;Documentaliste;Agent de maitrise;0;1;0;4;0;3;4;0;3;0
160;Homme;28;Célibataire;177.5;83.2;6;DSESF;Inspecteur;Ouvrier;1;1;1;4;0;4;1;1;4;1
161;Homme;44;Concubinage;166;70.8;21;DSESF;Administrateur;Cadre;2;0;1;3;1;3;4;0;3;2
162;Homme;57;Célibataire;184.2;87.8;36;DRAN I;Administrateur;Expatrié;4;4;4;1;4;1;1;3;0;3
163;Homme;39;Célibataire;183.1;85;12;DME;Agent de bureau;Employé;2;2;3;2;1;2;2;2;2;1
164;Femme;25;Marié(e);161.5;56.5;0;DLCD;Administrateur;Employé;0;0;0;4;0;4;4;1;3;0
165;Homme;26;Concubinage;171;68.6;2;DRAN I;Administrateur;Cadre;3;3;3;0;3;0;1;4;1;4
166;Femme;36;Célibataire;168.7;72;10;DLCD;Attachédes finances;Agent de maitrise;2;2;3;2;2;2;1;1;1;3
167;Femme;49;Célibataire;163.4;46.1;23;DSESF;Agent de bureau;Agent de maitrise;2;2;2;3;1;3;2;2;3;2
168;Femme;44;Concubinage;163.7;50.7;21;DRAN I;Attachédes finances;Ouvrier;3;2;3;1;3;1;1;3;1;3
169;Femme;18;Célibataire;176.1;73.2;0;DR Agboville;Agent de bureau;Employé;2;2;2;2;2;1;1;1;1;2
170;Femme;29;Célibataire;164.5;51.4;3;DSESF;Documentaliste;Expatrié;2;4;2;3;3;2;1;3;1;2
171;Homme;36;Divorcé(e);176;76.8;13;DR Agboville;Documentaliste;Agent de maitrise;1;1;2;3;0;3;3;1;3;2
172;Femme;21;Célibataire;165.2;68.5;1;DSESF;Agent de bureau;Employé;0;1;1;3;0;3;4;0;3;0
173;Femme;43;Marié(e);171.3;77.5;23;DME;Attachédes finances;Ouvrier;0;0;1;3;0;4;4;0;4;0
174;Femme;18;Célibataire;167.8;75.6;0;DRAN I;Agent de bureau;Expatrié;2;2;4;2;2;0;0;3;1;3
175;Femme;37;Veuf(ve);164;68;14;DLCD;Inspecteur;Ouvrier;0;1;0;4;0;4;4;0;4;0
176;Femme;32;Marié(e);158.3;62.1;9;DR Odienné;Attachédes finances;Cadre;3;3;1;2;3;3;3;2;2;2
177;Homme;31;Concubinage;174.9;76.6;6;DLCD;Agent de bureau;Cadre;1;1;2;4;1;3;4;1;4;3
178;Homme;33;Marié(e);177.3;77.5;10;DR Odienné;Attachédes finances;Expatrié;1;2;1;2;2;2;2;2;1;1
179;Homme;39;Concubinage;177.1;71.4;18;MADGI;Documentaliste;Ouvrier;0;1;0;2;1;4;3;1;3;0
180;Homme;40;Marié(e);172.4;88;16;MADGI;Administrateur;Cadre;2;1;2;3;2;3;3;2;2;3
181;Homme;34;Concubinage;181.9;76.4;6;DSESF;Attachédes finances;Ouvrier;4;4;4;0;4;0;1;4;0;3
182;Homme;18;Célibataire;174.8;86.7;0;DR Agboville;Administrateur;Ouvrier;2;2;2;1;1;1;2;2;4;3
183;Femme;22;Célibataire;165.7;72.3;4;DR Agboville;Agent de bureau;Cadre;0;2;1;2;3;2;2;2;3;2
184;Femme;21;Célibataire;147.9;62.1;1;DME;Documentaliste;Employé;2;1;3;2;2;1;2;2;2;2
185;Homme;44;Célibataire;181;86.1;26;DSESF;Agent de bureau;Employé;1;2;3;1;2;2;1;2;1;2
186;Homme;34;Célibataire;170.8;67.9;13;DME;Agent de bureau;Ouvrier;2;3;3;1;3;2;1;2;2;2
187;Homme;39;Concubinage;169.1;66.9;17;DSESF;Inspecteur;Cadre;1;0;1;4;1;3;3;1;4;1
188;Homme;20;Concubinage;170.8;61.3;1;DRAN I;Administrateur;Employé;0;0;0;4;0;4;4;0;3;0
189;Femme;31;Concubinage;154.4;61.7;8;DLCD;Inspecteur;Agent de maitrise;1;0;0;4;0;4;4;0;4;0
190;Femme;42;Concubinage;167.2;67.5;24;DRAN I;Documentaliste;Expatrié;0;0;0;4;0;4;4;0;4;0
191;Femme;34;Concubinage;158.5;58.1;13;DME;Attachédes finances;Agent de maitrise;0;0;0;4;1;4;4;2;3;1
192;Homme;35;Veuf(ve);174.1;74.6;14;DRAN I;Attachédes finances;Expatrié;1;1;0;3;1;4;3;0;3;0
193;Femme;35;Célibataire;165.5;61.1;10;DLCD;Administrateur;Employé;1;1;2;2;2;3;3;2;4;2
194;Femme;48;Concubinage;165.2;62.2;25;DR Odienné;Documentaliste;Employé;1;0;1;3;1;3;4;2;3;2
195;Femme;30;Divorcé(e);159.6;65;4;DR Odienné;Attachédes finances;Agent de maitrise;3;2;3;1;3;1;2;3;1;2
196;Femme;43;Célibataire;158.8;68;20;DR Agboville;Administrateur;Agent de maitrise;2;1;2;2;2;3;2;1;1;3
197;Homme;45;Célibataire;169.2;69.6;26;DLCD;Administrateur;Agent de maitrise;2;1;1;3;2;3;2;2;2;0
198;Femme;24;Célibataire;154.9;56.6;5;DRAN I;Administrateur;Employé;0;1;1;4;1;4;3;1;3;1
199;Homme;37;Célibataire;179.6;81.2;14;DR Odienné;Inspecteur;Ouvrier;1;1;2;2;2;3;1;2;2;4
200;Homme;36;Divorcé(e);164.6;65.9;11;DR Agboville;Administrateur;Employé;3;3;4;0;4;0;1;4;2;4
201;Homme;46;Veuf(ve);180.3;78.6;19;DR Agboville;Documentaliste;Expatrié;0;1;1;4;1;3;3;0;3;1
202;Femme;45;Marié(e);160.3;64.3;19;DLCD;Agent de bureau;Expatrié;3;4;3;1;4;1;0;3;0;4
203;Homme;36;Marié(e);174.7;79.6;14;DLCD;Documentaliste;Employé;1;2;3;3;2;2;1;2;2;2
204;Femme;37;Divorcé(e);150;51.4;19;DR Odienné;Inspecteur;Expatrié;2;1;1;2;2;3;2;2;3;2
205;Femme;29;Concubinage;154.2;58.1;7;DLCD;Inspecteur;Agent de maitrise;2;2;3;3;2;2;3;2;3;1
206;Femme;34;Concubinage;164.2;60.2;12;DLCD;Documentaliste;Cadre;0;0;0;4;0;3;3;1;3;0
207;Homme;26;Marié(e);167.5;68.8;7;MADGI;Attachédes finances;Ouvrier;2;1;1;3;2;2;2;3;1;1
208;Femme;26;Concubinage;157.6;61.9;4;DLCD;Agent de bureau;Employé;4;4;4;0;4;0;0;4;0;4
209;Femme;24;Célibataire;157.3;56.5;1;DSESF;Inspecteur;Ouvrier;1;1;2;2;3;2;2;2;2;2
210;Femme;44;Célibataire;165.3;64.4;21;DRAN I;Attachédes finances;Ouvrier;1;1;1;3;1;2;3;2;3;1
211;Homme;47;Célibataire;171.2;67.9;22;DR Agboville;Inspecteur;Ouvrier;0;0;0;4;0;4;4;0;4;0
212;Homme;32;Célibataire;174.8;78.8;4;DLCD;Attachédes finances;Employé;0;0;0;4;0;4;4;0;4;0
213;Femme;25;Marié(e);164.7;66.5;5;MADGI;Attachédes finances;Employé;4;4;3;1;2;1;0;3;2;3
214;Femme;35;Marié(e);156.8;75.5;14;DR Agboville;Documentaliste;Agent de maitrise;3;1;2;3;2;2;3;1;2;1
215;Femme;58;Célibataire;161.4;60.5;37;DR Agboville;Administrateur;Cadre;3;3;4;2;3;0;1;4;1;3
216;Homme;56;Concubinage;181.5;82.3;30;DRAN I;Documentaliste;Cadre;1;1;1;2;2;3;2;1;3;3
217;Homme;19;Célibataire;173.9;66.8;0;DR Agboville;Inspecteur;Ouvrier;2;2;3;2;2;1;1;1;1;3
218;Femme;32;Marié(e);170.9;77.1;14;DR Agboville;Inspecteur;Expatrié;1;2;2;3;0;3;3;1;3;2
219;Homme;51;Concubinage;177.2;75;28;DRAN I;Inspecteur;Agent de maitrise;3;2;2;2;2;2;2;2;0;2
220;Homme;36;Divorcé(e);177.4;78.3;14;MADGI;Inspecteur;Ouvrier;0;1;1;3;0;3;3;1;2;0
221;Femme;52;Marié(e);164.7;71.3;26;DR Odienné;Administrateur;Agent de maitrise;2;1;1;3;1;3;3;0;2;2
222;Femme;33;Marié(e);160.5;71.2;14;DRAN I;Documentaliste;Ouvrier;0;0;1;4;0;4;4;0;4;0
223;Homme;42;Marié(e);170.7;69;16;DSESF;Administrateur;Agent de maitrise;2;1;1;4;1;3;3;1;2;2
224;Homme;38;Célibataire;174.7;72.2;17;DLCD;Documentaliste;Employé;3;4;4;0;3;0;0;3;0;3
225;Femme;65;Concubinage;166.2;67.7;43;DR Odienné;Inspecteur;Expatrié;1;1;2;2;0;3;2;1;1;1
226;Homme;45;Marié(e);175.6;84.1;26;MADGI;Attachédes finances;Cadre;2;2;2;3;1;2;3;2;3;0
227;Femme;24;Célibataire;172;72.8;3;DSESF;Inspecteur;Cadre;1;2;0;4;0;4;4;2;4;1
228;Femme;30;Marié(e);170.8;72.1;9;MADGI;Agent de bureau;Employé;2;4;1;0;4;2;1;4;0;4
229;Femme;40;Concubinage;166.7;72.2;20;DR Odienné;Agent de bureau;Cadre;2;3;3;2;3;2;2;2;2;3
230;Femme;18;Concubinage;161.8;67;0;DME;Agent de bureau;Cadre;0;1;1;3;2;3;2;1;4;2
231;Femme;18;Célibataire;161.5;69.1;0;MADGI;Administrateur;Cadre;2;2;1;2;1;1;2;2;2;2
232;Femme;25;Célibataire;159.5;45.8;4;MADGI;Documentaliste;Expatrié;1;1;1;2;1;4;4;2;2;2
233;Femme;33;Célibataire;157.3;49;9;MADGI;Inspecteur;Employé;2;2;1;2;2;2;3;2;3;2
234;Femme;48;Célibataire;159.7;51.4;26;DRAN I;Documentaliste;Cadre;1;1;0;4;0;3;4;0;3;0
235;Homme;33;Célibataire;180.4;83;11;DLCD;Agent de bureau;Employé;2;2;2;2;3;2;2;3;2;1
236;Homme;38;Célibataire;177.9;68.4;16;DR Agboville;Documentaliste;Ouvrier;1;0;1;4;1;4;3;1;3;0
237;Femme;35;Marié(e);154.8;53.2;13;MADGI;Attachédes finances;Employé;0;2;0;4;0;2;4;0;4;0
238;Homme;29;Célibataire;181;84;6;DR Agboville;Documentaliste;Ouvrier;4;4;2;2;3;0;1;3;3;3
239;Homme;50;Marié(e);182.2;95.8;30;MADGI;Attachédes finances;Agent de maitrise;3;3;3;1;2;2;1;3;1;1
240;Femme;25;Célibataire;170.9;69.2;5;DLCD;Administrateur;Expatrié;2;2;1;2;3;2;3;2;4;3
241;Femme;34;Divorcé(e);154.7;54.6;8;DLCD;Agent de bureau;Agent de maitrise;2;1;3;2;3;1;1;3;2;2
242;Homme;33;Célibataire;179.7;81.3;10;MADGI;Attachédes finances;Employé;0;0;1;3;0;4;4;1;4;0
243;Femme;41;Marié(e);159.5;55.3;19;DSESF;Inspecteur;Cadre;0;0;0;4;0;4;4;0;4;0
244;Femme;52;Concubinage;159.3;45;31;DME;Documentaliste;Employé;1;0;0;4;2;3;4;1;4;1
245;Homme;41;Divorcé(e);189.5;100.1;18;DME;Agent de bureau;Expatrié;1;3;2;2;2;2;3;2;3;3
246;Femme;50;Concubinage;158.6;56.2;25;MADGI;Administrateur;Agent de maitrise;4;4;4;1;4;1;0;4;0;4
247;Femme;44;Veuf(ve);156.2;51.2;22;MADGI;Administrateur;Ouvrier;4;3;3;0;3;2;0;4;0;3
248;Femme;30;Célibataire;158.6;60.6;8;DR Odienné;Inspecteur;Agent de maitrise;1;1;2;3;1;3;2;2;3;1
249;Femme;37;Célibataire;160;55.7;12;DLCD;Agent de bureau;Agent de maitrise;2;2;0;3;2;4;3;0;2;1
250;Homme;50;Marié(e);179.5;85.9;27;DME;Inspecteur;Ouvrier;2;1;2;2;2;2;3;1;3;1
251;Femme;20;Marié(e);165.6;62.4;1;DME;Inspecteur;Expatrié;2;2;1;1;3;2;2;3;3;2
252;Femme;39;Marié(e);167.7;73.7;13;DLCD;Documentaliste;Employé;3;4;4;1;3;1;0;3;0;4
253;Femme;34;Célibataire;157.2;55.6;16;DSESF;Agent de bureau;Employé;1;0;0;4;1;4;4;0;3;2
254;Homme;45;Concubinage;173.2;66.4;21;DSESF;Agent de bureau;Ouvrier;2;1;1;2;3;4;3;2;2;1
255;Femme;44;Concubinage;176;81.2;22;DRAN I;Agent de bureau;Employé;3;3;3;2;2;2;2;2;2;2
256;Homme;39;Marié(e);171;88.1;17;DRAN I;Documentaliste;Ouvrier;1;2;2;4;2;4;3;2;3;2
257;Femme;51;Célibataire;166.4;59.5;32;DME;Attachédes finances;Agent de maitrise;1;2;2;2;0;3;4;0;4;2
258;Homme;21;Marié(e);171.4;68.3;0;DR Agboville;Attachédes finances;Expatrié;1;0;0;4;0;4;4;1;4;0
259;Homme;45;Célibataire;168.7;60.5;24;DRAN I;Administrateur;Expatrié;0;0;1;3;0;4;4;0;4;1
260;Homme;20;Marié(e);178.2;89.3;0;DR Agboville;Administrateur;Expatrié;0;0;0;4;1;4;4;0;4;0
261;Homme;42;Marié(e);165.7;66.6;20;DLCD;Documentaliste;Expatrié;1;2;1;3;0;2;2;2;4;1
262;Femme;37;Célibataire;168.2;51.9;17;DSESF;Administrateur;Expatrié;3;3;3;0;2;1;2;3;1;4
263;Femme;46;Marié(e);168.8;53.4;19;DLCD;Administrateur;Cadre;2;2;2;2;2;2;2;2;2;2
264;Homme;37;Marié(e);164.7;71.3;12;DR Odienné;Attachédes finances;Cadre;1;1;0;3;1;4;3;1;4;2
265;Femme;20;Marié(e);145.4;47.5;0;MADGI;Agent de bureau;Expatrié;0;0;0;4;0;4;4;0;4;0
266;Femme;18;Concubinage;162.9;49;0;DR Odienné;Documentaliste;Employé;3;2;3;1;4;1;0;3;2;3
267;Homme;41;Marié(e);183.1;74.7;15;DRAN I;Administrateur;Expatrié;3;3;3;1;3;0;0;2;0;3
268;Femme;35;Célibataire;161;63.8;17;DSESF;Administrateur;Cadre;1;3;2;2;2;2;3;2;2;3
269;Homme;30;Célibataire;171.9;72.2;9;DME;Documentaliste;Cadre;0;0;1;4;0;4;3;1;3;2
270;Homme;33;Concubinage;171;57.9;10;DME;Agent de bureau;Cadre;1;0;1;3;1;3;3;0;2;1
271;Femme;29;Marié(e);147.7;53;9;DRAN I;Inspecteur;Agent de maitrise;0;0;0;3;0;3;4;1;2;1
272;Homme;34;Marié(e);173.1;70.1;11;DSESF;Attachédes finances;Ouvrier;2;1;3;2;2;0;3;2;2;2
273;Femme;27;Divorcé(e);161.5;70.2;3;DSESF;Inspecteur;Expatrié;1;1;1;4;0;3;4;0;4;0
274;Femme;18;Marié(e);167;70.2;0;DR Agboville;Agent de bureau;Cadre;0;1;1;4;0;3;4;1;3;1
275;Homme;34;Marié(e);181.4;89.7;12;DR Agboville;Attachédes finances;Cadre;1;2;2;3;2;2;3;1;3;1
276;Femme;46;Marié(e);165.8;52.1;28;DRAN I;Documentaliste;Ouvrier;2;0;1;3;2;2;3;0;2;3
277;Femme;55;Célibataire;155.8;61;30;DR Agboville;Administrateur;Ouvrier;1;1;0;3;2;3;3;1;3;1
278;Femme;36;Divorcé(e);170.9;78.3;11;MADGI;Agent de bureau;Employé;0;0;0;3;0;4;4;0;3;0
279;Femme;35;Célibataire;169.1;72.8;9;DR Agboville;Documentaliste;Ouvrier;2;1;1;3;1;3;3;1;4;1
280;Femme;46;Marié(e);165.7;57.9;23;DR Agboville;Documentaliste;Employé;3;2;3;2;2;1;3;1;2;3
281;Femme;37;Célibataire;161;60.7;14;MADGI;Documentaliste;Cadre;2;2;3;3;3;2;2;2;2;3
282;Femme;32;Célibataire;167.2;53.8;8;DR Agboville;Documentaliste;Cadre;2;1;1;2;2;3;2;2;3;1
283;Femme;19;Célibataire;158.3;54.3;0;DR Odienné;Inspecteur;Expatrié;4;0;1;0;2;3;3;3;3;1
284;Homme;23;Marié(e);161.2;56;0;DRAN I;Inspecteur;Agent de maitrise;2;3;4;1;3;1;0;2;1;3
285;Femme;40;Célibataire;148.6;51;21;DME;Inspecteur;Employé;1;1;1;3;2;4;2;2;3;0
286;Femme;21;Célibataire;163.2;78.3;0;MADGI;Attachédes finances;Agent de maitrise;2;0;0;4;0;3;4;1;4;0
287;Femme;46;Célibataire;148.1;50.5;24;MADGI;Administrateur;Cadre;2;3;0;3;1;2;1;1;3;1
288;Femme;23;Célibataire;161.9;59;4;DLCD;Documentaliste;Ouvrier;4;4;4;1;4;0;1;3;0;4
289;Femme;34;Concubinage;164.6;71.1;13;DSESF;Documentaliste;Cadre;0;0;0;4;0;4;4;0;4;0
290;Femme;36;Célibataire;166.7;72.1;12;DSESF;Attachédes finances;Ouvrier;2;1;2;3;1;2;2;1;3;1
291;Homme;36;Concubinage;180.4;82.1;12;DR Odienné;Attachédes finances;Cadre;0;0;1;4;0;4;4;0;3;0
292;Homme;38;Marié(e);176.3;71.7;16;DR Odienné;Administrateur;Ouvrier;2;3;4;2;2;3;3;2;2;3
293;Femme;42;Marié(e);156.8;60.9;19;DSESF;Inspecteur;Ouvrier;0;0;1;4;0;4;4;1;2;1
294;Femme;35;Célibataire;167.3;72.1;17;DLCD;Agent de bureau;Cadre;2;1;2;2;2;2;3;0;2;2
295;Femme;34;Célibataire;162.4;64.4;10;DLCD;Inspecteur;Expatrié;1;1;1;1;2;3;3;3;2;2
296;Femme;38;Concubinage;150.8;64.3;15;DLCD;Agent de bureau;Cadre;2;1;3;3;1;0;2;2;2;3
297;Homme;32;Célibataire;176.8;92.9;7;DR Agboville;Administrateur;Cadre;2;2;2;2;2;1;0;3;1;3
298;Homme;51;Célibataire;176;69.1;25;MADGI;Inspecteur;Ouvrier;4;3;4;1;4;1;1;3;1;4
299;Femme;18;Marié(e);155.7;58.5;0;DME;Inspecteur;Employé;1;1;1;3;1;3;3;1;3;1
300;Femme;46;Marié(e);158.3;49.7;23;DR Odienné;Inspecteur;Agent de maitrise;2;1;1;3;1;2;2;2;2;2
301;Femme;34;Marié(e);158.5;54.7;12;DR Agboville;Documentaliste;Cadre;0;0;0;4;0;4;4;0;4;0
302;Femme;40;Marié(e);167.6;64.6;15;DRAN I;Administrateur;Expatrié;3;1;3;1;2;2;2;2;1;2
303;Femme;46;Marié(e);161.6;60.6;24;DR Odienné;Agent de bureau;Employé;0;0;1;3;0;4;4;0;3;1
304;Femme;44;Marié(e);156.4;68.7;20;DRAN I;Agent de bureau;Employé;1;2;2;3;2;2;1;2;2;2
305;Homme;29;Marié(e);170.2;64.4;8;DRAN I;Inspecteur;Cadre;2;1;0;3;2;3;2;1;3;0
306;Homme;52;Célibataire;177;80.6;29;DRAN I;Attachédes finances;Expatrié;2;2;2;3;2;2;3;2;1;0
307;Femme;20;Concubinage;163.1;68.6;0;DR Odienné;Attachédes finances;Cadre;3;3;4;0;4;0;1;4;0;4
308;Femme;45;Concubinage;165.2;66.9;27;DR Agboville;Documentaliste;Employé;0;0;0;4;0;4;4;0;4;0
309;Femme;31;Marié(e);159.5;63.4;7;MADGI;Agent de bureau;Expatrié;0;0;0;4;0;4;4;0;4;1
310;Femme;18;Marié(e);160;55.4;0;DR Odienné;Documentaliste;Employé;3;2;1;3;2;3;2;3;3;2
311;Femme;18;Concubinage;165.1;61.9;0;DR Agboville;Attachédes finances;Employé;2;1;3;3;2;1;2;1;2;1
312;Homme;38;Veuf(ve);184.1;79.3;13;DR Odienné;Administrateur;Expatrié;2;2;2;1;2;3;3;2;2;2
313;Femme;58;Marié(e);161;45.7;32;DR Odienné;Administrateur;Agent de maitrise;2;1;0;3;1;3;1;2;4;1
314;Femme;39;Veuf(ve);161.1;65.5;17;DR Odienné;Inspecteur;Ouvrier;1;2;2;3;2;1;2;3;2;3
315;Femme;47;Divorcé(e);157.4;54.5;21;MADGI;Administrateur;Employé;3;3;4;1;3;2;2;3;1;2
316;Homme;44;Concubinage;176.8;75.6;18;DME;Inspecteur;Employé;0;0;0;4;0;4;4;0;3;0
317;Femme;29;Célibataire;160.2;64.9;7;DR Odienné;Inspecteur;Agent de maitrise;2;2;1;2;1;3;4;1;3;1
318;Homme;46;Célibataire;167;67.3;23;DR Agboville;Attachédes finances;Employé;1;1;2;3;2;2;3;2;2;2
319;Homme;40;Divorcé(e);181;80.2;19;DR Odienné;Attachédes finances;Agent de maitrise;3;1;0;3;2;2;3;1;2;2
320;Homme;38;Marié(e);166.5;62.8;18;DME;Agent de bureau;Ouvrier;2;1;2;3;1;2;3;3;2;1
321;Femme;46;Célibataire;164.3;75.6;21;DRAN I;Inspecteur;Expatrié;2;2;2;2;3;2;2;2;3;2
322;Femme;43;Célibataire;159.2;60.2;19;DRAN I;Attachédes finances;Ouvrier;3;2;2;1;2;1;2;3;0;2
323;Femme;30;Marié(e);166.8;67.6;9;DME;Attachédes finances;Expatrié;4;2;4;0;3;0;0;4;0;3
324;Femme;40;Divorcé(e);164.6;71.5;16;DLCD;Inspecteur;Agent de maitrise;2;2;1;3;3;2;3;3;3;1
325;Homme;27;Marié(e);180.9;83.6;0;DME;Agent de bureau;Ouvrier;2;1;3;2;1;4;1;1;3;1
326;Homme;42;Divorcé(e);173.5;67.3;23;DR Odienné;Inspecteur;Expatrié;0;1;1;3;0;4;4;1;4;0
327;Femme;32;Célibataire;165.7;62.9;7;DLCD;Inspecteur;Ouvrier;1;2;3;4;2;3;4;2;3;1
328;Homme;41;Célibataire;172.9;67.5;23;DRAN I;Documentaliste;Ouvrier;1;1;0;3;1;3;4;1;4;1
329;Homme;40;Célibataire;160.9;49.1;14;DLCD;Agent de bureau;Expatrié;1;1;1;4;1;4;3;0;3;1
330;Homme;33;Marié(e);177.8;76.6;8;DR Agboville;Documentaliste;Cadre;2;1;1;4;1;2;3;0;3;0
331;Homme;41;Célibataire;171.9;76.1;18;MADGI;Attachédes finances;Cadre;0;0;0;3;0;4;4;1;3;0
332;Femme;42;Célibataire;162.7;59.1;22;MADGI;Administrateur;Ouvrier;1;0;1;3;1;3;1;2;2;1
333;Femme;34;Marié(e);153.5;56.6;12;DR Odienné;Agent de bureau;Employé;2;2;2;2;2;0;1;3;1;3
334;Femme;48;Concubinage;162.5;67.8;22;DLCD;Inspecteur;Agent de maitrise;1;3;3;1;4;0;1;3;0;2
335;Homme;50;Célibataire;176.8;76;28;DRAN I;Documentaliste;Ouvrier;2;3;3;2;1;2;3;2;2;1
336;Femme;29;Concubinage;161.4;58.1;8;DR Agboville;Administrateur;Employé;3;1;2;2;2;2;2;3;1;3
337;Homme;28;Concubinage;178.8;73.9;5;DRAN I;Inspecteur;Ouvrier;3;4;4;1;3;1;1;2;2;3
338;Femme;41;Divorcé(e);161;59;19;DR Agboville;Documentaliste;Employé;2;2;1;2;3;2;1;2;1;1
339;Homme;27;Célibataire;179;89.9;4;DRAN I;Documentaliste;Employé;0;1;0;3;1;4;4;1;3;1
340;Femme;32;Célibataire;173;73.6;11;DR Agboville;Attachédes finances;Cadre;0;0;0;3;1;4;3;2;3;1
341;Femme;44;Divorcé(e);147.1;45;20;DR Odienné;Administrateur;Expatrié;1;0;0;4;0;4;4;0;4;0
342;Femme;30;Marié(e);152.1;48.9;9;DLCD;Attachédes finances;Cadre;3;4;3;1;2;1;3;2;1;4
343;Homme;18;Marié(e);161.3;61.8;0;MADGI;Inspecteur;Employé;1;1;2;2;1;2;2;1;3;1
344;Femme;43;Célibataire;154.3;55.2;22;DRAN I;Documentaliste;Employé;2;0;1;3;1;3;3;1;4;2
345;Femme;20;Célibataire;174.5;83.9;1;DR Odienné;Agent de bureau;Cadre;4;3;3;1;3;2;2;2;2;3
346;Femme;22;Concubinage;168.1;65.1;0;DSESF;Administrateur;Agent de maitrise;2;0;2;2;3;2;1;2;3;3
347;Homme;18;Marié(e);172.5;79.3;0;DR Odienné;Administrateur;Cadre;4;2;4;0;4;1;0;4;0;4
348;Femme;44;Divorcé(e);167.9;63.5;23;DR Agboville;Administrateur;Expatrié;4;2;3;0;4;0;0;3;1;4
349;Homme;39;Marié(e);168.6;70.1;19;DSESF;Attachédes finances;Employé;3;3;2;2;3;1;0;2;2;3
350;Homme;41;Célibataire;159.3;56.9;15;DR Agboville;Documentaliste;Employé;1;1;1;2;2;3;4;1;2;1
351;Femme;44;Concubinage;172.7;79.7;22;DME;Inspecteur;Ouvrier;2;0;1;2;0;3;2;2;2;1
352;Homme;36;Marié(e);175.3;85.1;13;DRAN I;Agent de bureau;Cadre;3;3;2;2;2;1;2;2;2;3
353;Femme;25;Marié(e);155.5;66.2;7;DLCD;Documentaliste;Employé;2;3;2;0;3;2;1;3;3;2
354;Femme;42;Célibataire;168.4;73.2;18;DME;Documentaliste;Employé;4;4;4;0;3;0;0;4;0;4
355;Homme;49;Célibataire;164.9;61.4;25;DME;Administrateur;Employé;1;2;1;3;1;4;4;2;4;0
356;Femme;21;Concubinage;167.2;66.3;0;DR Agboville;Agent de bureau;Agent de maitrise;1;0;0;4;0;4;3;0;3;0
357;Homme;30;Célibataire;178;80.1;11;DR Agboville;Administrateur;Ouvrier;2;0;2;3;0;2;3;1;3;1
358;Homme;33;Célibataire;175.1;60.5;14;DME;Inspecteur;Agent de maitrise;1;1;0;3;0;3;2;1;4;2
359;Femme;23;Célibataire;167.7;77.6;3;DR Agboville;Documentaliste;Agent de maitrise;2;2;1;2;4;1;3;2;2;2
360;Femme;43;Veuf(ve);173.1;65.6;19;DME;Agent de bureau;Employé;3;3;2;2;2;1;1;1;2;2
361;Homme;30;Marié(e);179.7;76.5;12;DRAN I;Documentaliste;Ouvrier;1;2;0;4;1;4;2;1;4;0
362;Homme;49;Veuf(ve);174.2;83.5;25;DRAN I;Documentaliste;Agent de maitrise;4;2;4;0;4;1;0;3;0;3
363;Femme;37;Marié(e);164.8;67.7;11;MADGI;Attachédes finances;Agent de maitrise;2;3;2;2;4;1;2;2;3;4
364;Homme;43;Concubinage;183.5;86.8;19;DLCD;Agent de bureau;Cadre;4;3;4;2;4;1;1;4;1;4
365;Homme;52;Célibataire;177.4;72.2;28;DLCD;Agent de bureau;Cadre;1;2;3;0;1;2;2;2;2;1
366;Homme;39;Marié(e);182.3;71.1;20;DRAN I;Attachédes finances;Employé;3;2;3;1;3;2;1;4;0;3
367;Homme;47;Célibataire;174.7;69.2;24;MADGI;Agent de bureau;Cadre;2;2;1;1;1;4;3;1;3;1
368;Homme;38;Concubinage;183.9;87.4;12;DR Agboville;Administrateur;Cadre;0;1;0;4;1;3;4;1;4;1
369;Femme;21;Marié(e);170.1;75.1;0;DLCD;Inspecteur;Ouvrier;2;2;3;0;2;2;1;3;1;2
370;Femme;36;Célibataire;171.8;72.1;10;DR Odienné;Attachédes finances;Cadre;2;1;1;1;3;1;1;1;2;2
371;Femme;43;Célibataire;164.9;62.1;21;DLCD;Inspecteur;Agent de maitrise;0;2;1;3;1;4;3;1;4;1
372;Femme;41;Célibataire;157.6;60.3;20;DR Agboville;Documentaliste;Expatrié;0;1;0;3;0;2;3;0;3;1
373;Homme;34;Célibataire;181;76.6;14;DR Agboville;Agent de bureau;Ouvrier;2;2;1;3;2;2;1;3;2;2
374;Femme;24;Marié(e);158.3;61.9;6;DR Odienné;Administrateur;Expatrié;1;2;1;1;3;2;1;2;3;3
375;Homme;42;Célibataire;173;65.3;24;DR Agboville;Inspecteur;Agent de maitrise;0;2;0;4;0;4;3;0;3;0
376;Homme;27;Célibataire;183.8;96.8;7;DLCD;Administrateur;Expatrié;2;4;4;1;4;0;0;3;0;3
377;Femme;23;Célibataire;179.4;60.5;0;DR Odienné;Inspecteur;Ouvrier;3;0;1;4;2;3;1;2;3;1
378;Femme;42;Célibataire;160.4;70.3;20;DSESF;Agent de bureau;Agent de maitrise;2;2;2;2;3;2;2;1;2;3
379;Femme;24;Concubinage;162.9;58.3;0;DME;Agent de bureau;Employé;0;0;0;4;0;4;4;0;4;0
380;Homme;38;Marié(e);176.7;85.5;19;DME;Administrateur;Expatrié;2;1;1;4;1;3;3;1;2;1
381;Homme;36;Célibataire;170.4;60.2;13;MADGI;Documentaliste;Cadre;1;2;2;2;3;2;0;2;3;1
382;Femme;23;Divorcé(e);167.1;64.8;3;DRAN I;Documentaliste;Employé;0;1;0;4;0;4;4;0;4;0
383;Femme;48;Marié(e);158.8;60.3;29;DR Agboville;Administrateur;Agent de maitrise;4;4;3;1;3;1;0;3;0;4
384;Femme;30;Concubinage;162;54.9;8;DME;Documentaliste;Agent de maitrise;0;0;0;4;0;4;4;0;4;0
385;Homme;48;Célibataire;170.3;66.6;26;DR Odienné;Attachédes finances;Agent de maitrise;4;4;3;0;4;0;0;4;0;4
386;Homme;31;Concubinage;169.7;73.2;13;DR Agboville;Administrateur;Ouvrier;4;3;4;0;3;1;0;4;0;4
387;Femme;30;Célibataire;165.9;69.7;8;DSESF;Documentaliste;Agent de maitrise;3;2;1;3;3;1;2;3;2;2
388;Homme;36;Célibataire;172.3;63.7;17;DR Agboville;Documentaliste;Cadre;1;2;1;2;3;1;0;1;2;1
389;Femme;32;Marié(e);156.9;49.9;9;MADGI;Agent de bureau;Agent de maitrise;1;0;0;4;0;4;4;0;4;0
390;Femme;32;Divorcé(e);170.2;71.7;10;DR Odienné;Documentaliste;Cadre;2;1;2;2;2;2;1;1;0;3
391;Homme;27;Marié(e);177.7;87.6;6;DR Agboville;Inspecteur;Cadre;0;0;0;4;0;3;4;0;4;0
392;Homme;24;Marié(e);179.6;84.8;4;DRAN I;Attachédes finances;Expatrié;1;1;3;3;1;2;3;1;2;1
393;Homme;42;Divorcé(e);172.2;61.6;14;DR Odienné;Inspecteur;Employé;0;1;1;3;2;2;2;2;4;2
394;Femme;28;Divorcé(e);154.9;49.9;3;DR Odienné;Inspecteur;Cadre;1;1;1;1;1;2;2;2;2;2
395;Homme;22;Marié(e);179.1;66.2;0;DME;Administrateur;Agent de maitrise;2;4;4;0;4;1;1;3;1;3
396;Femme;31;Célibataire;162.5;68;11;DR Odienné;Inspecteur;Cadre;2;2;2;3;1;2;3;2;2;2
397;Homme;28;Marié(e);169.2;63.1;9;DR Agboville;Attachédes finances;Employé;4;4;4;0;3;0;1;4;1;4
398;Homme;18;Célibataire;166.7;66.6;0;DSESF;Agent de bureau;Agent de maitrise;3;4;3;0;3;1;1;3;2;2
399;Homme;33;Veuf(ve);191.2;95.5;8;DRAN I;Inspecteur;Agent de maitrise;4;1;3;2;3;0;1;3;1;2
400;Femme;38;Marié(e);163.1;62.2;15;DME;Agent de bureau;Ouvrier;1;0;2;3;1;3;2;0;3;1
401;Femme;39;Célibataire;163.1;57.2;18;DR Odienné;Inspecteur;Employé;2;3;2;0;3;2;1;2;3;3
402;Femme;40;Concubinage;161.6;62.4;21;DR Odienné;Agent de bureau;Employé;4;2;3;2;3;1;1;3;1;2
403;Homme;26;Célibataire;180;70.7;5;DLCD;Agent de bureau;Agent de maitrise;3;3;2;1;2;2;3;2;1;3
404;Femme;33;Célibataire;155.4;72;15;DRAN I;Documentaliste;Employé;0;0;0;4;0;4;4;0;4;0
405;Homme;26;Célibataire;178.2;60.7;0;DSESF;Agent de bureau;Expatrié;0;0;0;4;0;4;4;0;4;0
406;Femme;30;Marié(e);153.1;68.5;3;DLCD;Agent de bureau;Agent de maitrise;0;0;2;3;1;3;3;1;4;1
407;Homme;24;Marié(e);176.1;80.1;0;MADGI;Documentaliste;Employé;1;1;0;3;1;3;4;0;4;1
408;Femme;25;Célibataire;171.7;67.6;7;DR Agboville;Agent de bureau;Expatrié;0;0;0;4;0;4;4;0;4;0
409;Femme;42;Concubinage;165.1;67;13;DR Agboville;Agent de bureau;Cadre;1;1;0;4;1;4;4;0;3;1
410;Femme;33;Célibataire;153.9;53.6;9;DR Agboville;Documentaliste;Cadre;1;0;2;3;2;4;4;1;2;1
411;Femme;33;Marié(e);164.6;80.4;14;DR Odienné;Agent de bureau;Cadre;1;1;1;4;0;3;4;0;3;0
412;Homme;53;Célibataire;179.3;94.8;33;DME;Administrateur;Employé;2;0;1;3;0;4;4;2;3;1
413;Femme;35;Marié(e);160.4;65.8;17;DLCD;Administrateur;Ouvrier;1;2;2;4;1;2;3;1;4;3
414;Homme;31;Marié(e);179.2;77.2;8;DME;Attachédes finances;Expatrié;3;2;1;4;1;3;2;2;2;1
415;Femme;43;Célibataire;167;68.1;25;DRAN I;Administrateur;Ouvrier;4;2;3;0;4;1;1;4;0;3
416;Femme;31;Célibataire;162.2;56.7;5;DRAN I;Documentaliste;Employé;4;4;4;1;4;0;0;4;0;4
417;Femme;50;Divorcé(e);160.6;53.9;27;DME;Agent de bureau;Employé;3;4;4;1;3;1;1;3;0;2
418;Homme;32;Célibataire;167.7;65.6;10;DLCD;Agent de bureau;Cadre;0;0;0;4;0;4;4;1;4;0
419;Femme;30;Concubinage;152.4;63.1;12;MADGI;Agent de bureau;Cadre;1;1;0;4;1;4;4;0;4;0
420;Femme;24;Marié(e);159.7;56.4;0;DME;Inspecteur;Cadre;1;0;0;3;1;4;3;2;3;1
421;Femme;39;Célibataire;172.9;74.8;19;DSESF;Attachédes finances;Expatrié;2;3;3;2;2;1;1;2;0;2
422;Femme;51;Marié(e);151.6;60.6;25;MADGI;Documentaliste;Expatrié;1;1;2;2;1;3;3;1;3;2
423;Homme;32;Concubinage;164.9;67.9;13;DR Odienné;Administrateur;Cadre;1;0;1;2;0;3;2;2;3;0
424;Homme;39;Célibataire;171.6;75.3;21;DME;Documentaliste;Agent de maitrise;3;2;2;0;4;2;1;2;1;4
425;Homme;39;Marié(e);176.2;71.6;16;DLCD;Administrateur;Cadre;1;0;0;4;0;4;3;0;3;0
426;Femme;50;Célibataire;175.4;76.3;32;DSESF;Attachédes finances;Expatrié;2;1;1;2;1;1;2;2;2;2
427;Femme;43;Concubinage;161.8;54.9;16;MADGI;Documentaliste;Cadre;3;4;4;0;4;1;0;4;1;4
428;Femme;25;Marié(e);173.4;68.1;1;DLCD;Agent de bureau;Agent de maitrise;0;0;0;4;0;4;4;0;4;0
429;Homme;29;Marié(e);174.2;66.1;9;DRAN I;Inspecteur;Agent de maitrise;2;1;1;3;1;4;2;2;3;1
430;Femme;29;Marié(e);165.3;62.2;6;MADGI;Agent de bureau;Ouvrier;2;2;1;3;0;3;1;2;3;2
431;Femme;37;Célibataire;158.6;60.9;11;DR Odienné;Agent de bureau;Cadre;0;0;0;4;0;4;4;0;4;1
432;Homme;36;Concubinage;173.1;72.4;16;MADGI;Agent de bureau;Expatrié;2;2;1;2;3;1;2;2;3;1
433;Femme;40;Concubinage;150;45;21;DRAN I;Agent de bureau;Employé;1;1;1;2;1;2;2;3;2;1
434;Femme;29;Marié(e);158.3;51.5;9;DME;Inspecteur;Expatrié;0;2;1;3;1;2;3;0;2;2
435;Homme;32;Célibataire;179.9;70.5;12;DR Odienné;Inspecteur;Agent de maitrise;1;1;2;2;2;2;1;2;2;2
436;Femme;43;Divorcé(e);155.4;58.3;22;MADGI;Inspecteur;Employé;1;0;2;3;2;3;3;0;4;0
437;Femme;35;Concubinage;155;56.9;9;DSESF;Administrateur;Ouvrier;3;2;2;2;2;1;1;2;2;2
438;Femme;29;Marié(e);159.4;49.5;1;DR Odienné;Agent de bureau;Ouvrier;3;0;2;2;2;2;4;2;1;2
439;Femme;46;Divorcé(e);163;51.2;23;MADGI;Inspecteur;Ouvrier;1;1;1;3;1;3;3;0;4;1
440;Femme;36;Divorcé(e);159;58.5;14;DLCD;Documentaliste;Agent de maitrise;1;0;3;2;2;4;2;0;3;2
441;Homme;27;Célibataire;182.4;79.2;5;DR Agboville;Attachédes finances;Employé;3;2;3;2;3;0;1;2;2;2
442;Homme;53;Célibataire;172.2;63.7;23;DME;Administrateur;Expatrié;0;0;0;4;0;4;4;1;4;0
443;Femme;24;Divorcé(e);161.8;69.1;5;DRAN I;Agent de bureau;Cadre;2;2;2;2;2;2;1;2;2;2
444;Homme;18;Célibataire;185.2;84.7;0;DR Odienné;Agent de bureau;Employé;4;3;2;0;3;1;2;4;1;4
445;Femme;18;Divorcé(e);156.4;56.3;0;DME;Attachédes finances;Employé;1;4;4;1;2;2;1;3;1;4
446;Femme;43;Célibataire;164.8;69.1;24;DSESF;Documentaliste;Agent de maitrise;4;4;4;1;4;0;1;4;0;3
447;Femme;31;Célibataire;160;62.9;5;DR Agboville;Attachédes finances;Ouvrier;0;0;0;4;0;4;4;0;3;1
448;Homme;33;Célibataire;175;72.7;13;DR Odienné;Attachédes finances;Agent de maitrise;1;0;2;4;1;3;4;1;4;0
449;Homme;39;Marié(e);170.1;62.2;18;DRAN I;Documentaliste;Expatrié;2;4;3;0;3;1;1;4;2;4
450;Femme;31;Marié(e);164;72.3;5;DR Agboville;Agent de bureau;Expatrié;1;1;1;3;0;3;3;2;3;0
451;Femme;20;Célibataire;158.9;46.9;0;DRAN I;Inspecteur;Ouvrier;1;0;0;4;1;4;4;1;4;1
452;Femme;18;Célibataire;170.8;80.5;0;DR Agboville;Attachédes finances;Employé;1;3;3;3;3;2;1;3;1;3
453;Homme;33;Célibataire;174;70.2;9;DLCD;Agent de bureau;Employé;2;1;2;1;2;1;3;3;1;1
454;Homme;38;Concubinage;172.5;87;12;DSESF;Documentaliste;Cadre;4;3;3;1;4;1;0;3;1;2
455;Femme;18;Concubinage;154.2;52.8;0;DRAN I;Inspecteur;Ouvrier;0;2;2;1;0;2;3;3;3;2
456;Femme;39;Marié(e);163.4;59.5;16;DLCD;Documentaliste;Cadre;0;0;0;4;0;4;4;0;3;1
457;Femme;40;Célibataire;160.2;60.5;16;MADGI;Administrateur;Ouvrier;2;2;3;2;2;2;2;3;2;3
458;Homme;49;Marié(e);178.2;87.4;22;DR Odienné;Documentaliste;Ouvrier;0;2;1;1;2;2;2;2;3;2
459;Homme;38;Marié(e);173.3;60.6;9;MADGI;Administrateur;Ouvrier;0;1;0;4;0;4;4;0;4;0
460;Homme;38;Marié(e);174.7;72.5;20;MADGI;Administrateur;Agent de maitrise;3;3;3;2;3;1;2;3;1;4
461;Femme;42;Marié(e);155.6;57.7;18;DLCD;Documentaliste;Ouvrier;1;0;2;3;1;4;4;1;4;0
462;Femme;36;Divorcé(e);182.8;83.8;17;MADGI;Attachédes finances;Ouvrier;4;3;4;0;3;1;1;4;1;4
463;Homme;35;Marié(e);184.3;85.1;16;MADGI;Administrateur;Ouvrier;1;1;1;4;1;3;4;0;4;0
464;Femme;37;Marié(e);158.8;56.5;14;DLCD;Attachédes finances;Cadre;2;3;3;0;3;2;2;3;2;3
465;Femme;43;Marié(e);161.1;53.1;19;DR Agboville;Administrateur;Employé;0;0;0;4;0;4;4;0;4;0
466;Homme;32;Marié(e);178.4;98.4;3;MADGI;Documentaliste;Agent de maitrise;4;3;4;1;3;1;1;4;1;4
467;Femme;31;Divorcé(e);165.8;55.6;5;DR Agboville;Inspecteur;Agent de maitrise;1;1;1;2;1;2;3;1;2;0
468;Femme;27;Célibataire;151.4;58.3;6;MADGI;Administrateur;Expatrié;0;0;0;4;0;4;4;0;3;0
469;Femme;26;Célibataire;149.6;45;5;DME;Attachédes finances;Cadre;1;1;1;3;1;2;3;0;4;0
470;Homme;39;Concubinage;173.8;59.8;17;DRAN I;Attachédes finances;Ouvrier;0;3;1;2;0;3;3;1;3;1
471;Femme;51;Célibataire;167;68.1;31;DR Odienné;Inspecteur;Cadre;0;0;1;4;0;4;4;0;3;0
472;Femme;26;Marié(e);163;77.8;8;DR Odienné;Inspecteur;Cadre;2;1;3;2;2;2;1;1;3;2
473;Homme;34;Concubinage;173.4;77.8;12;DRAN I;Agent de bureau;Ouvrier;1;0;1;2;0;3;4;0;3;1
474;Homme;26;Célibataire;177;65.5;0;DR Agboville;Documentaliste;Ouvrier;3;1;3;2;1;3;2;2;2;0
475;Femme;45;Marié(e);164.5;59.9;22;DRAN I;Attachédes finances;Agent de maitrise;3;3;3;1;4;0;0;3;1;4
476;Femme;33;Marié(e);172.1;66.8;14;DRAN I;Administrateur;Ouvrier;1;3;3;3;2;0;2;2;3;2
477;Homme;38;Marié(e);174.3;66.3;14;DR Odienné;Documentaliste;Expatrié;2;1;3;2;3;2;0;2;2;3
478;Homme;39;Marié(e);183;90.2;14;DSESF;Administrateur;Expatrié;1;2;1;2;2;1;3;2;2;2
479;Femme;25;Concubinage;164.3;81.6;4;MADGI;Attachédes finances;Agent de maitrise;1;1;3;1;2;2;2;2;2;3
480;Homme;35;Concubinage;183.5;73.3;11;DRAN I;Documentaliste;Expatrié;1;3;2;2;2;2;2;2;0;2
481;Femme;34;Célibataire;148.9;54.7;9;DR Odienné;Administrateur;Expatrié;3;4;3;0;4;1;0;4;0;4
482;Homme;43;Concubinage;167.6;60.1;23;DLCD;Administrateur;Ouvrier;4;3;4;1;4;2;1;3;1;4
483;Homme;24;Concubinage;166;73.7;2;DLCD;Inspecteur;Agent de maitrise;3;3;3;1;3;1;1;2;1;3
484;Femme;24;Concubinage;154.6;56.1;0;DRAN I;Inspecteur;Ouvrier;1;2;2;1;2;2;1;2;1;1
485;Homme;44;Marié(e);176.7;74.7;21;DRAN I;Inspecteur;Cadre;0;0;0;4;0;4;4;0;4;1
486;Femme;30;Veuf(ve);169;74;6;DME;Administrateur;Ouvrier;2;2;2;2;2;1;1;2;1;2
487;Homme;29;Concubinage;174.8;90.3;8;DR Odienné;Attachédes finances;Cadre;1;2;3;3;2;2;2;1;3;2
488;Femme;37;Divorcé(e);172;81.9;19;DR Odienné;Administrateur;Ouvrier;0;2;1;3;2;3;3;1;4;1
489;Femme;33;Célibataire;158.8;57.4;9;DME;Documentaliste;Employé;0;0;0;4;1;4;4;1;4;0
490;Femme;55;Marié(e);168.2;73.5;31;DME;Documentaliste;Agent de maitrise;3;2;2;2;2;2;2;3;2;1
491;Homme;39;Célibataire;180;72.3;19;MADGI;Agent de bureau;Expatrié;1;1;0;2;1;2;2;2;2;0
492;Femme;38;Marié(e);170;73;20;DR Agboville;Documentaliste;Employé;1;1;0;3;1;2;3;1;3;0
493;Homme;45;Célibataire;177.3;84;25;DLCD;Documentaliste;Cadre;4;4;2;1;3;2;1;4;0;4
494;Femme;35;Célibataire;160.3;63.5;9;DLCD;Agent de bureau;Employé;1;2;2;2;4;3;2;1;2;2
495;Femme;36;Célibataire;158.7;54.5;18;MADGI;Inspecteur;Ouvrier;0;0;1;4;0;4;4;0;4;0
496;Femme;25;Concubinage;169.5;69.2;6;DLCD;Administrateur;Agent de maitrise;0;0;3;3;1;3;3;2;3;1
497;Homme;18;Veuf(ve);177.2;73.1;0;DRAN I;Agent de bureau;Ouvrier;2;2;3;1;1;2;1;3;3;3
498;Femme;24;Célibataire;157.9;61;0;DME;Administrateur;Agent de maitrise;1;2;2;3;1;1;2;3;1;2
499;Femme;37;Célibataire;155.9;53.7;14;MADGI;Administrateur;Ouvrier;0;0;0;2;1;4;3;0;4;1
500;Femme;26;Marié(e);169.8;68.2;7;DR Agboville;Documentaliste;Cadre;0;1;1;2;0;4;4;0;4;0
501;Femme;43;Marié(e);166.5;62.1;14;DLCD;Administrateur;Cadre;2;1;3;3;3;4;2;1;1;3
502;Femme;43;Concubinage;170.9;78.4;16;MADGI;Agent de bureau;Employé;3;2;2;1;3;2;2;3;1;4
503;Femme;38;Concubinage;158.3;60.7;19;DRAN I;Administrateur;Cadre;0;0;1;4;1;4;3;1;3;2
504;Homme;34;Marié(e);182.8;76.1;14;DSESF;Documentaliste;Agent de maitrise;4;3;3;1;3;1;1;4;0;3
505;Femme;22;Concubinage;155.5;57.3;4;DR Agboville;Agent de bureau;Employé;2;2;2;2;3;2;1;1;1;3
506;Homme;33;Marié(e);180.8;77;12;DSESF;Documentaliste;Agent de maitrise;1;3;2;2;3;1;2;1;2;2
507;Homme;31;Concubinage;186.6;87.3;10;MADGI;Administrateur;Expatrié;0;1;0;2;0;3;4;0;4;0
508;Femme;43;Divorcé(e);164.3;77.4;21;DR Odienné;Attachédes finances;Expatrié;0;0;0;3;0;4;4;0;4;0
509;Homme;49;Veuf(ve);172.9;65.6;31;DSESF;Inspecteur;Agent de maitrise;4;2;2;2;2;3;3;2;2;2
510;Femme;41;Veuf(ve);170.7;72.2;17;DSESF;Administrateur;Ouvrier;1;1;1;3;1;4;3;1;2;0
511;Femme;25;Marié(e);163.9;53.9;7;DR Agboville;Documentaliste;Agent de maitrise;4;3;3;1;3;1;0;3;0;4
512;Homme;53;Divorcé(e);170.1;74.4;34;DR Agboville;Agent de bureau;Employé;3;4;2;2;4;0;1;3;1;3
513;Femme;46;Veuf(ve);151.6;45;22;DR Odienné;Inspecteur;Agent de maitrise;3;3;3;1;3;0;1;3;1;4
514;Femme;38;Veuf(ve);159.3;47.4;15;DME;Documentaliste;Employé;4;3;4;0;4;0;0;4;0;4
515;Femme;18;Marié(e);158.5;62.4;0;DLCD;Attachédes finances;Expatrié;0;0;1;4;0;3;4;0;4;0
516;Femme;26;Célibataire;168.9;63.6;3;DLCD;Administrateur;Employé;0;3;1;2;1;4;4;1;3;1
517;Femme;35;Célibataire;164.7;50.9;10;DLCD;Documentaliste;Agent de maitrise;0;0;0;4;0;4;4;0;4;0
518;Femme;44;Marié(e);158.5;49.2;25;DME;Documentaliste;Cadre;0;0;0;4;0;4;4;0;4;0
519;Femme;24;Célibataire;163.4;70.9;6;MADGI;Inspecteur;Expatrié;1;1;1;3;1;1;4;1;2;2
520;Homme;65;Veuf(ve);175.7;76.9;43;DR Agboville;Administrateur;Ouvrier;2;2;1;2;1;2;1;3;1;3
521;Homme;18;Concubinage;168.8;70.3;0;DRAN I;Documentaliste;Ouvrier;2;3;2;3;1;2;2;2;1;2
522;Homme;34;Concubinage;178.9;85.2;10;DME;Inspecteur;Agent de maitrise;1;1;1;4;0;4;3;1;4;0
523;Homme;33;Célibataire;179.6;81;15;DR Agboville;Inspecteur;Agent de maitrise;1;0;1;4;1;2;1;2;3;1
524;Femme;29;Concubinage;169.9;47.6;3;MADGI;Inspecteur;Agent de maitrise;2;2;2;4;2;1;2;3;3;1
525;Homme;33;Marié(e);168.8;68.9;11;DSESF;Inspecteur;Employé;2;1;2;4;0;3;3;1;3;2
526;Homme;43;Divorcé(e);170.5;60.7;18;DME;Documentaliste;Cadre;2;3;3;2;3;2;3;2;2;2
527;Femme;27;Veuf(ve);157.5;51;8;DR Agboville;Agent de bureau;Expatrié;2;3;4;1;2;3;2;2;1;3
528;Homme;18;Concubinage;175.9;64.5;0;DR Agboville;Administrateur;Ouvrier;1;0;2;4;1;3;1;0;4;2
529;Femme;37;Marié(e);168;70.6;18;DRAN I;Inspecteur;Ouvrier;0;0;0;4;0;4;4;0;4;0
530;Femme;36;Divorcé(e);165;81;17;DLCD;Documentaliste;Agent de maitrise;3;2;4;0;3;1;2;3;0;3
531;Homme;36;Marié(e);162.1;65.5;13;MADGI;Attachédes finances;Expatrié;2;2;2;2;1;3;2;0;2;2
532;Femme;43;Célibataire;162.6;76.1;25;DR Odienné;Attachédes finances;Ouvrier;2;2;2;2;2;2;2;2;2;3
533;Homme;36;Célibataire;170;68.4;18;DR Odienné;Administrateur;Ouvrier;1;2;1;3;1;3;1;0;4;2
534;Homme;44;Célibataire;162;58.2;21;DME;Inspecteur;Expatrié;1;1;1;3;3;2;3;1;3;1
535;Femme;18;Célibataire;162.1;67.6;0;DRAN I;Inspecteur;Cadre;1;0;0;3;2;1;1;3;2;1
536;Femme;25;Célibataire;160.1;51.3;3;DLCD;Inspecteur;Employé;2;1;1;3;2;3;4;0;4;2
537;Femme;39;Célibataire;173.1;63.8;16;DR Agboville;Inspecteur;Agent de maitrise;0;0;0;4;0;4;4;0;4;0
538;Homme;32;Célibataire;179.3;58.5;8;DSESF;Attachédes finances;Cadre;1;2;2;2;3;3;1;4;4;3
539;Homme;45;Concubinage;180.4;64.8;22;DLCD;Administrateur;Ouvrier;1;1;2;1;2;2;2;1;2;1
540;Femme;26;Marié(e);169.9;66.8;7;DSESF;Documentaliste;Ouvrier;4;3;3;1;3;1;0;3;0;4
541;Homme;43;Marié(e);166.1;67;19;DSESF;Documentaliste;Ouvrier;2;0;2;2;1;2;2;1;4;0
542;Homme;29;Divorcé(e);178.6;76.2;7;DME;Documentaliste;Ouvrier;0;0;1;4;0;4;4;0;4;0
543;Femme;25;Marié(e);159.7;46.4;6;MADGI;Agent de bureau;Expatrié;3;3;2;2;3;2;2;1;2;4
544;Femme;33;Célibataire;163;54.9;9;DME;Agent de bureau;Cadre;0;0;1;3;0;4;4;1;3;0
545;Homme;36;Marié(e);175.9;70.4;11;DRAN I;Administrateur;Expatrié;3;3;1;2;2;2;1;2;2;2
546;Homme;24;Marié(e);169.1;75.4;0;DR Agboville;Administrateur;Cadre;0;1;2;3;2;3;3;2;2;0
547;Homme;28;Marié(e);173.2;75.4;8;DME;Documentaliste;Expatrié;1;0;1;3;2;3;4;1;3;1
548;Femme;24;Veuf(ve);163.9;58.1;0;DME;Documentaliste;Ouvrier;1;0;1;3;0;4;2;1;3;1
549;Femme;46;Marié(e);164.1;52.8;23;DR Odienné;Inspecteur;Ouvrier;2;1;1;3;3;3;3;1;3;2
550;Femme;43;Célibataire;152.5;51.3;25;DR Agboville;Inspecteur;Ouvrier;2;3;3;3;3;2;1;2;2;2
551;Homme;26;Marié(e);169.9;57.5;1;DRAN I;Inspecteur;Ouvrier;0;1;1;3;1;4;2;0;4;0
552;Femme;42;Concubinage;161.3;56.6;24;MADGI;Administrateur;Cadre;4;4;4;0;4;0;0;4;0;4
553;Homme;33;Marié(e);175.1;72.9;11;DRAN I;Administrateur;Employé;3;2;3;2;1;1;2;2;3;1
554;Femme;25;Célibataire;167.4;76;7;DME;Attachédes finances;Agent de maitrise;2;1;2;2;3;1;3;0;1;1
555;Femme;40;Veuf(ve);170.7;77;19;DLCD;Administrateur;Agent de maitrise;1;1;1;2;1;2;4;2;3;2
556;Femme;33;Divorcé(e);160.5;61.9;15;DME;Attachédes finances;Expatrié;2;2;1;4;1;2;3;1;2;1
557;Homme;45;Célibataire;171.1;69.6;21;DSESF;Agent de bureau;Expatrié;0;1;0;3;0;2;3;1;3;0
558;Femme;34;Concubinage;160.5;57.1;16;MADGI;Agent de bureau;Ouvrier;3;2;3;1;2;3;1;3;0;4
559;Homme;48;Divorcé(e);181.5;85.7;24;DR Agboville;Agent de bureau;Cadre;4;4;3;1;4;0;0;4;0;4
560;Homme;31;Marié(e);171.6;61.8;5;MADGI;Inspecteur;Expatrié;1;1;1;2;2;3;3;2;4;0
561;Homme;38;Concubinage;184.7;82.2;19;DLCD;Inspecteur;Ouvrier;2;4;2;0;1;2;2;3;2;2
562;Femme;40;Marié(e);161.7;70.3;20;DR Agboville;Documentaliste;Expatrié;1;0;1;4;0;2;3;1;4;0
563;Femme;39;Célibataire;170.1;64.4;16;DLCD;Attachédes finances;Employé;2;2;2;2;1;3;3;2;2;3
564;Femme;38;Célibataire;156.5;45.8;18;DRAN I;Documentaliste;Expatrié;1;1;0;3;1;3;3;1;2;2
565;Femme;36;Marié(e);160.1;60.1;16;MADGI;Administrateur;Employé;2;1;3;2;3;2;2;2;2;2
566;Femme;35;Célibataire;155.7;57.8;10;DRAN I;Attachédes finances;Cadre;3;3;3;1;2;1;0;4;2;3
567;Homme;50;Célibataire;175.5;87.4;22;DR Agboville;Attachédes finances;Agent de maitrise;2;1;1;2;2;3;3;1;2;1
568;Femme;45;Célibataire;159.2;52.8;22;MADGI;Documentaliste;Cadre;3;2;1;1;2;1;2;1;2;3
569;Femme;30;Célibataire;167.4;63.7;6;DLCD;Inspecteur;Ouvrier;3;1;2;2;2;2;2;1;1;2
570;Homme;50;Divorcé(e);178.6;87.3;25;DLCD;Administrateur;Agent de maitrise;1;0;2;2;0;3;4;0;3;1
571;Homme;37;Célibataire;172.4;70.5;14;DR Agboville;Agent de bureau;Ouvrier;1;0;1;2;0;3;3;1;3;1
572;Femme;30;Marié(e);159.8;61.9;8;MADGI;Attachédes finances;Agent de maitrise;4;4;3;2;3;1;0;3;1;4
573;Homme;38;Célibataire;161.6;64.9;18;DRAN I;Documentaliste;Agent de maitrise;0;0;1;3;1;4;3;0;3;1
574;Femme;34;Marié(e);170;79;13;DRAN I;Attachédes finances;Employé;0;0;0;3;0;4;4;0;4;0
575;Femme;37;Célibataire;165.8;72.2;16;DRAN I;Agent de bureau;Agent de maitrise;0;0;0;4;0;4;4;0;4;0
576;Homme;26;Célibataire;185.3;85;0;MADGI;Administrateur;Expatrié;1;3;4;2;1;0;2;3;2;3
577;Femme;28;Célibataire;155.4;46.4;4;DME;Administrateur;Expatrié;0;0;1;3;0;4;4;2;3;2
578;Femme;50;Marié(e);159.1;58.5;27;DLCD;Attachédes finances;Agent de maitrise;0;1;1;4;0;3;4;1;3;1
579;Homme;46;Célibataire;179.8;85;26;DR Odienné;Attachédes finances;Agent de maitrise;3;0;1;4;1;3;3;0;4;0
580;Homme;27;Célibataire;173.4;82.3;2;DR Odienné;Inspecteur;Ouvrier;1;0;0;4;1;4;4;0;4;0
581;Femme;27;Marié(e);158.6;63.3;2;DRAN I;Agent de bureau;Agent de maitrise;3;2;2;2;3;2;1;2;3;2
582;Homme;53;Concubinage;183.1;72.4;35;DR Agboville;Attachédes finances;Cadre;2;3;2;3;3;2;2;2;2;3
583;Homme;55;Concubinage;188.1;89;32;DLCD;Administrateur;Employé;3;0;2;3;1;3;1;1;2;2
584;Homme;28;Concubinage;175.3;67.4;3;DR Odienné;Administrateur;Employé;0;0;1;2;1;4;2;3;2;1
585;Femme;23;Concubinage;171.9;68.6;0;DRAN I;Agent de bureau;Expatrié;4;4;4;1;4;1;1;3;1;4
586;Femme;62;Divorcé(e);154.9;47.2;40;DSESF;Documentaliste;Agent de maitrise;1;3;3;2;2;2;2;1;2;1
587;Homme;38;Concubinage;171.7;83.7;13;MADGI;Inspecteur;Expatrié;3;3;2;1;3;1;2;1;1;4
588;Homme;38;Marié(e);172.4;71.1;17;DR Odienné;Attachédes finances;Expatrié;0;2;0;4;2;2;3;2;1;0
589;Femme;37;Marié(e);149.4;62.4;14;DSESF;Agent de bureau;Cadre;3;1;2;2;3;3;2;2;2;3
590;Homme;50;Concubinage;178.6;66.4;29;DLCD;Inspecteur;Employé;0;0;1;4;0;4;3;0;4;0
591;Femme;34;Divorcé(e);166.8;61.3;8;DR Agboville;Documentaliste;Agent de maitrise;0;0;0;3;0;4;4;0;4;0
592;Homme;51;Célibataire;172.3;77.9;31;MADGI;Documentaliste;Employé;3;1;2;2;3;2;3;2;4;2
593;Femme;34;Célibataire;161.9;58.2;14;DSESF;Documentaliste;Expatrié;0;1;1;2;2;3;3;0;4;1
594;Homme;41;Concubinage;167.4;81.3;23;DME;Administrateur;Employé;0;0;0;3;0;4;4;0;4;1
595;Homme;26;Célibataire;179.6;75;2;DSESF;Agent de bureau;Expatrié;0;0;0;3;0;4;3;0;3;0
596;Femme;38;Marié(e);162.8;47.7;16;DRAN I;Documentaliste;Agent de maitrise;0;0;0;4;1;4;2;2;3;1
597;Homme;48;Marié(e);163.6;63;23;DR Agboville;Administrateur;Cadre;1;1;2;2;2;2;2;2;1;2
598;Femme;34;Divorcé(e);161.6;58.8;14;MADGI;Inspecteur;Expatrié;2;3;3;0;3;0;1;4;2;3
599;Femme;49;Marié(e);157.4;56.4;26;DR Agboville;Attachédes finances;Cadre;1;2;2;2;2;2;4;3;1;2
600;Femme;63;Concubinage;165.6;59.8;38;DRAN I;Documentaliste;Employé;2;2;3;1;3;2;2;4;1;1
